{
  "README.md": 1770518738.847087,
  "analysis\\CLAUDE_MEM_FEATURES_ANALYSIS.md": 1770323256.9983933,
  "analysis\\TESTING_COMPLETION_REPORT.md": 1770408428.1171548,
  "architecture\\ENHANCED_COGNEE_GUIDE.md": 1762919718.0,
  "architecture\\ENHANCED_COGNEE_STRATEGIC_PLAN.md": 1762959824.0,
  "architecture\\IMPLEMENTATION_GUIDE.md": 1762992262.0,
  "archive\\README_Copy.md": 1770320452.584821,
  "archive\\README_Copy_2.md": 1770494807.1395113,
  "archive\\README_Copy_3.md": 1770496175.507573,
  "archive\\README_Copy_Old.md": 1770240907.4824626,
  "archive\\README_UPDATE_DRAFT.md": 1770481409.6091526,
  "automation\\COMPREHENSIVE_AUTOMATION_ANALYSIS.md": 1770499415.270191,
  "automation\\COMPREHENSIVE_UPDATE.md": 1770238018.4489324,
  "automation\\MCP_TOOL_AUTOMATION_ANALYSIS.md": 1770324946.3327985,
  "automation\\MCP_TOOL_AUTOMATION_COMPARISON_TABLE.md": 1770325904.247005,
  "automation\\MCP_TOOL_AUTOMATION_FINAL_CLASSIFICATION.md": 1770344118.2839732,
  "automation\\MCP_TOOL_AUTOMATION_SUMMARY.md": 1770325224.7975101,
  "development\\CONFIGURATION_GUIDE.md": 1767391988.0,
  "development\\CONTRIBUTING.md": 1770211292.9955065,
  "development\\SDLC_AGENTS_INTEGRATION.md": 1770239180.0606093,
  "development\\TESTING.md": 1770239783.9334095,
  "guides\\BACKUP_RESTORE_GUIDE.md": 1770401988.4105375,
  "guides\\CROSS_IDE_INSTALLATION.md": 1765299002.0,
  "guides\\FRONTEND_QUICKSTART.md": 1770386519.911636,
  "guides\\LITE_MODE_GUIDE.md": 1770401987.697365,
  "guides\\MCP_IDE_SETUP.md": 1770239090.8608763,
  "guides\\MULTI_LANGUAGE_GUIDE.md": 1770402451.484137,
  "guides\\PROGRESSIVE_DISCLOSURE_USAGE.md": 1770381060.0553954,
  "guides\\USER_GUIDE.md": 1765299134.0,
  "legacy\\AGENTS.md": 1768017074.0,
  "legacy\\DASHBOARD_FINAL_REPORT.md": 1770394779.723268,
  "legacy\\ENHANCEMENT_ROADMAP.md": 1770344051.146246,
  "legacy\\GITHUB_UPLOAD_CHECKLIST.md": 1770210965.2767696,
  "legacy\\IMPLEMENTATION_PLAN.md": 1770237131.49731,
  "legacy\\IMPLEMENTATION_SUMMARY.md": 1770236133.150982,
  "legacy\\PORT_CHANGE_SUMMARY.md": 1770397508.8861234,
  "legacy\\PRE_UPLOAD_CONFIRMATION.md": 1770211583.0226295,
  "legacy\\TASK_COMPLETION_SUMMARY.md": 1770239840.5578296,
  "legacy\\TEST_RESULTS_DETAILED_REPORT.md": 1763008632.0,
  "mcp\\COGNEE_INTEGRATION_COMPLETE.md": 1762396868.0,
  "mcp\\COGNEE_MCP_ANALYSIS.md": 1762396528.0,
  "mcp\\COGNEE_MCP_COMPLETE_GUIDE.md": 1771473668.040908,
  "operations\\DEDUPLICATION_GUIDE.md": 1770402043.960037,
  "operations\\DISASTER_RECOVERY.md": 1770401669.9641254,
  "operations\\EMERGENCY_RECOVERY.md": 1770402101.2418847,
  "operations\\MAINTENANCE_SCHEDULING.md": 1770402043.2348108,
  "operations\\MONITORING_SETUP_GUIDE.md": 1770436016.3572788,
  "operations\\PRODUCTION_DEPLOYMENT_GUIDE.md": 1770436074.2547617,
  "operations\\ROLLBACK_PROCEDURES.md": 1770402077.6082437,
  "operations\\SECURITY_HARDENING_CHECKLIST.md": 1770435950.2202516,
  "operations\\SUMMARIZATION_GUIDE.md": 1770402076.902687,
  "policies\\CODE_OF_CONDUCT.md": 1762980848.0,
  "policies\\CONTRIBUTORS.md": 1770213847.922799,
  "policies\\DCO.md": 1762980848.0,
  "policies\\NOTICE.md": 1762980844.0,
  "policies\\SECURITY.md": 1762980848.0,
  "reports\\OPTIONS_3_4_IMPLEMENTATION_REPORT.md": 1770437645.6016831,
  "reports\\audits\\AUDIT_SUMMARY.md": 1770317357.5235384,
  "reports\\audits\\ENHANCED_COGNEE_AUDIT_REPORT.md": 1770314304.6573882,
  "reports\\audits\\ENHANCED_SECURITY_TEST_RESULTS.md": 1763009532.0,
  "reports\\phases\\PHASE_2_COMPLETION_REPORT.md": 1770392391.9781525,
  "reports\\phases\\PHASE_2_QUICK_START.md": 1770392454.2598848,
  "reports\\phases\\PHASE_3_COMPLETION_REPORT.md": 1770393450.8702242,
  "reports\\phases\\PHASE_3_QUICK_START.md": 1770393495.5536718,
  "reports\\sprints\\SPRINT10_SDLC_INTEGRATION.md": 1770437039.50706,
  "reports\\sprints\\SPRINT_1_FINAL_COMPLETION_REPORT.md": 1770348231.2425168,
  "reports\\sprints\\SPRINT_1_IMPLEMENTATION_PROGRESS.md": 1770345676.4749813,
  "reports\\sprints\\SPRINT_1_IMPLEMENTATION_PROGRESS_UPDATE_2.md": 1770346759.09569,
  "reports\\sprints\\SPRINT_2_FINAL_COMPLETION_REPORT.md": 1770350134.3866677,
  "reports\\sprints\\SPRINT_2_IMPLEMENTATION_PROGRESS.md": 1770350087.6909838,
  "reports\\sprints\\SPRINT_3_IMPLEMENTATION_PROGRESS.md": 1770351505.51576,
  "reports\\sprints\\SPRINT_4_FINAL_COMPLETION_REPORT.md": 1770381188.220101,
  "reports\\sprints\\SPRINT_5_6_COMPLETION_REPORT.md": 1770384227.4853375,
  "reports\\sprints\\SPRINT_7_COMPLETION_REPORT.md": 1770384602.1401925,
  "reports\\sprints\\SPRINT_8_FINAL_COMPLETION_REPORT.md": 1770402128.9598672,
  "reports\\sprints\\SPRINT_8_IMPLEMENTATION_REPORT.md": 1770401284.5342193,
  "reports\\sprints\\SPRINT_9_COMPLETION_REPORT.md": 1770402539.5625145,
  "reports\\summaries\\ALL_SPRINTS_COMPLETE.md": 1770402643.581545,
  "reports\\summaries\\COMPLETE_IMPLEMENTATION_SUMMARY.md": 1770401379.654359,
  "reports\\summaries\\FINAL_COMPLETION_SUMMARY.md": 1770437682.2973192,
  "reports\\summaries\\PROJECT_COMPLETE_FINAL_REPORT.md": 1770402704.8888605,
  "reports\\summaries\\ULTIMATE_PROJECT_COMPLETION_REPORT.md": 1770408483.146678,
  "testing\\COMPREHENSIVE_TESTING_STRATEGY.md": 1762998140.0,
  "testing\\IMPLEMENTATION_ROADMAP.md": 1762998332.0,
  "testing\\PHASE1_SETUP_GUIDE.md": 1762999364.0,
  "testing\\README.md": 1762998562.0,
  "testing\\TEST_SCENARIOS.md": 1762998504.0,
  "ux_ui\\UX_UI_PACKAGE_SUMMARY.md": 1770386591.2991197,
  "ux_ui\\UX_UI_SPECIFICATION.md": 1770386258.3889558,
  "ux_ui\\UX_UI_WIREFRAMES.md": 1770386389.1477993
}