{
  "advanced_search.py": 1770410252.7589574,
  "advanced_search_reranking.py": 1770521126.6357834,
  "agent_memory_integration.py": 1770265614.6693802,
  "approval_workflow.py": 1770349929.1160293,
  "audit_logger.py": 1770345293.5991976,
  "auto_configuration.py": 1770349742.1664004,
  "backup_manager.py": 1770400998.7481294,
  "backup_verifier.py": 1770401163.9373002,
  "claude_api_integration.py": 1770521446.3910692,
  "cross_agent_sharing.py": 1770265150.8140943,
  "document_processor.py": 1770617882.8781102,
  "enhanced_cognee_mcp.py": 1770265614.7891963,
  "intelligent_summarization.py": 1770436758.1136787,
  "language_detector.py": 1770402349.9090617,
  "logging_config.py": 1770942028.3899014,
  "maintenance_scheduler.py": 1770401719.038184,
  "mcp_memory_tools.py": 1770941931.8352737,
  "mcp_response_formatter.py": 1770942034.9154716,
  "memory_config.py": 1767391606.0,
  "memory_deduplication.py": 1770264329.1748552,
  "memory_management.py": 1770426316.955012,
  "memory_summarization.py": 1770238246.9511616,
  "multi_language_search.py": 1770410608.1325278,
  "performance_analytics.py": 1770265614.9751024,
  "performance_optimizer.py": 1770410841.2144217,
  "progressive_disclosure.py": 1770380992.1363256,
  "realtime_sync.py": 1770265571.2175944,
  "realtime_websocket_server.py": 1770437448.3020346,
  "recovery_manager.py": 1770401600.2377117,
  "scheduled_deduplication.py": 1770401945.3337862,
  "scheduled_summarization.py": 1770401825.7989583,
  "scheduler.py": 1770349887.048596,
  "security_mcp.py": 1770941986.1079347,
  "session_manager.py": 1770351078.8057995,
  "structured_memory.py": 1770383982.2414687,
  "transaction_manager.py": 1770942067.416686,
  "undo_manager.py": 1770345536.855647,
  "agents\\enhanced_ai_capabilities.py": 1763007724.0,
  "agents\\__init__.py": 1762981614.0,
  "agents\\ats\\algorithmic_trading_system.py": 1770602861.0342503,
  "agents\\ats\\ats_memory_wrapper.py": 1770426824.1491308,
  "agents\\ats\\risk_management.py": 1770602870.6792624,
  "agents\\ats\\__init__.py": 1762981260.0,
  "agents\\oma\\code_reviewer.py": 1770426824.1516962,
  "agents\\oma\\oma_memory_wrapper.py": 1762981696.0,
  "agents\\oma\\__init__.py": 1762981260.0,
  "agents\\smc\\context_manager.py": 1770426824.1516962,
  "agents\\smc\\smc_memory_wrapper.py": 1770426824.1531453,
  "agents\\smc\\__init__.py": 1762981260.0,
  "coordination\\coordination_api.py": 1770639636.2751784,
  "coordination\\distributed_decision.py": 1770638919.3695762,
  "coordination\\sprint10_coordination.py": 1770437007.967775,
  "coordination\\sub_agent_coordinator.py": 1770638949.342102,
  "coordination\\task_orchestration.py": 1770638969.9734,
  "coordination\\__init__.py": 1762981260.0,
  "ecosystem\\ecosystem_development.py": 1763008292.0,
  "integration\\sdlc_integration.py": 1770426824.156912,
  "lite_mode\\lite_mcp_server.py": 1770398360.817729,
  "lite_mode\\setup_wizard.py": 1770398468.4728568,
  "lite_mode\\sqlite_manager.py": 1770398319.0531898,
  "llm\\base.py": 1770347287.6372836,
  "llm\\rate_limiter.py": 1770610180.5524824,
  "llm\\__init__.py": 1770347471.4257114,
  "llm\\providers\\anthropic.py": 1770608289.5293782,
  "multi_tenant\\advanced_features.py": 1763008046.0,
  "security\\auth.py": 1770384073.4428332,
  "security\\data_protection.py": 1770612655.6594734,
  "security\\enhanced_security_framework.py": 1770611967.0970557,
  "security\\security_deployment.py": 1770618841.3063824,
  "security\\security_middleware.py": 1770611930.8657062,
  "llm\\prompts\\deduplication.txt": 1770346050.4045813,
  "llm\\prompts\\extraction.txt": 1770346150.7556455,
  "llm\\prompts\\intent_detection.txt": 1770346267.8817575,
  "llm\\prompts\\quality_check.txt": 1770346343.1521435,
  "llm\\prompts\\README.md": 1770346423.2401974,
  "llm\\prompts\\summarization.txt": 1770345978.1511917
}