{
  "dashboard_api.py": 1770396845.7273204,
  "app\\api\\realtime\\route.ts": 1770437460.434052,
  "hooks\\use-realtime-updates.ts": 1770437504.147624,
  "nextjs-dashboard\\eslint.config.mjs": 1770387006.691182,
  "nextjs-dashboard\\next-env.d.ts": 1770389196.2780235,
  "nextjs-dashboard\\next.config.ts": 1770388807.1093838,
  "nextjs-dashboard\\playwright.config.ts": 1770396857.2873578,
  "nextjs-dashboard\\postcss.config.mjs": 1770387006.7266562,
  "nextjs-dashboard\\tailwind.config.ts": 1770389051.944909,
  "nextjs-dashboard\\vitest.config.ts": 1770388226.092539,
  "nextjs-dashboard\\vitest.setup.ts": 1770388242.881615,
  "nextjs-dashboard\\src\\app\\error.tsx": 1770394084.144271,
  "nextjs-dashboard\\src\\app\\layout.tsx": 1770396799.6784441,
  "nextjs-dashboard\\src\\app\\not-found.tsx": 1770394099.3914313,
  "nextjs-dashboard\\src\\app\\page.tsx": 1770387886.5263581,
  "nextjs-dashboard\\src\\app\\providers.tsx": 1770387736.861825,
  "nextjs-dashboard\\src\\app\\agents\\page.tsx": 1770388054.3261235,
  "nextjs-dashboard\\src\\app\\analytics\\page.tsx": 1770393079.0878427,
  "nextjs-dashboard\\src\\app\\analytics\\activity\\page.tsx": 1770393254.2130985,
  "nextjs-dashboard\\src\\app\\dashboard\\page.tsx": 1770387917.1938474,
  "nextjs-dashboard\\src\\app\\developer\\page.tsx": 1770388096.319004,
  "nextjs-dashboard\\src\\app\\memories\\page.tsx": 1770390529.7634852,
  "nextjs-dashboard\\src\\app\\memories\\graph\\page.tsx": 1770392986.6518612,
  "nextjs-dashboard\\src\\app\\memories\\timeline\\page.tsx": 1770392919.966761,
  "nextjs-dashboard\\src\\app\\memories\\[id]\\page.tsx": 1770392256.1854112,
  "nextjs-dashboard\\src\\app\\search\\page.tsx": 1770387966.6046133,
  "nextjs-dashboard\\src\\app\\sessions\\page.tsx": 1770393170.336948,
  "nextjs-dashboard\\src\\app\\settings\\page.tsx": 1770388075.1224992,
  "nextjs-dashboard\\src\\components\\atoms\\Badge.tsx": 1770387449.4709897,
  "nextjs-dashboard\\src\\components\\atoms\\Button.tsx": 1770387394.967075,
  "nextjs-dashboard\\src\\components\\atoms\\Card.tsx": 1770387486.0450184,
  "nextjs-dashboard\\src\\components\\atoms\\Checkbox.tsx": 1770390238.5148509,
  "nextjs-dashboard\\src\\components\\atoms\\ConnectionStatus.tsx": 1770393814.7326045,
  "nextjs-dashboard\\src\\components\\atoms\\DropdownMenu.tsx": 1770390239.2482538,
  "nextjs-dashboard\\src\\components\\atoms\\index.ts": 1770393832.214309,
  "nextjs-dashboard\\src\\components\\atoms\\Input.tsx": 1770387429.2407465,
  "nextjs-dashboard\\src\\components\\atoms\\Skeleton.tsx": 1770387504.062047,
  "nextjs-dashboard\\src\\components\\atoms\\Spinner.tsx": 1770387523.503852,
  "nextjs-dashboard\\src\\components\\atoms\\Textarea.tsx": 1770387556.4358215,
  "nextjs-dashboard\\src\\components\\atoms\\__tests__\\Button.test.tsx": 1770388261.7510786,
  "nextjs-dashboard\\src\\components\\layout\\Header.tsx": 1770387600.3109164,
  "nextjs-dashboard\\src\\components\\layout\\index.ts": 1770387645.6769896,
  "nextjs-dashboard\\src\\components\\layout\\Sidebar.tsx": 1770387627.8879013,
  "nextjs-dashboard\\src\\components\\molecules\\BarChart.tsx": 1770392817.351601,
  "nextjs-dashboard\\src\\components\\molecules\\KPICard.tsx": 1770393004.553419,
  "nextjs-dashboard\\src\\components\\molecules\\LineChart.tsx": 1770392816.572919,
  "nextjs-dashboard\\src\\components\\molecules\\LoadingButton.tsx": 1770394151.4257784,
  "nextjs-dashboard\\src\\components\\molecules\\MemoryCard.tsx": 1770390432.3474622,
  "nextjs-dashboard\\src\\components\\molecules\\PieChart.tsx": 1770392818.1080482,
  "nextjs-dashboard\\src\\components\\organisms\\ActivityHeatmap.tsx": 1770393203.4938588,
  "nextjs-dashboard\\src\\components\\organisms\\AddMemoryModal.tsx": 1770393890.890452,
  "nextjs-dashboard\\src\\components\\organisms\\AnalyticsDashboard.tsx": 1770393036.611343,
  "nextjs-dashboard\\src\\components\\organisms\\EditMemoryModal.tsx": 1770393925.841321,
  "nextjs-dashboard\\src\\components\\organisms\\ErrorBoundary.tsx": 1770394070.1951451,
  "nextjs-dashboard\\src\\components\\organisms\\GraphNodeDetails.tsx": 1770392985.9216156,
  "nextjs-dashboard\\src\\components\\organisms\\KnowledgeGraph.tsx": 1770393367.599253,
  "nextjs-dashboard\\src\\components\\organisms\\MemoryDetailSkeleton.tsx": 1770390410.9099042,
  "nextjs-dashboard\\src\\components\\organisms\\MemoryListSkeleton.tsx": 1770390410.1959612,
  "nextjs-dashboard\\src\\components\\organisms\\PageLoader.tsx": 1770394141.6412513,
  "nextjs-dashboard\\src\\components\\organisms\\SearchInterface.tsx": 1770392329.9885879,
  "nextjs-dashboard\\src\\components\\organisms\\SessionsList.tsx": 1770393133.1270323,
  "nextjs-dashboard\\src\\components\\organisms\\SessionTimeline.tsx": 1770393133.849238,
  "nextjs-dashboard\\src\\components\\organisms\\TimelineDetail.tsx": 1770392896.960626,
  "nextjs-dashboard\\src\\components\\organisms\\TimelineView.tsx": 1770393366.875887,
  "nextjs-dashboard\\src\\components\\organisms\\Toaster.tsx": 1770393967.569129,
  "nextjs-dashboard\\src\\components\\organisms\\VisualizationSettings.tsx": 1770393368.3313675,
  "nextjs-dashboard\\src\\hooks\\use-toast.ts": 1770392307.1060793,
  "nextjs-dashboard\\tests\\a11y\\a11y-audit.spec.ts": 1770394393.159367,
  "nextjs-dashboard\\tests\\e2e\\analytics.spec.ts": 1770394284.0707605,
  "nextjs-dashboard\\tests\\e2e\\graph.spec.ts": 1770394264.8556585,
  "nextjs-dashboard\\tests\\e2e\\memories.spec.ts": 1770394222.7991147,
  "nextjs-dashboard\\tests\\e2e\\timeline.spec.ts": 1770394244.3494446,
  "PHASE_4_COMPLETION_REPORT.md": 1770394639.2778957,
  "README.md": 1770384524.9459229,
  "requirements-api.txt": 1770389427.231132,
  "nextjs-dashboard\\DOCKER_DEPLOYMENT.md": 1770397598.4471295,
  "nextjs-dashboard\\ICONS_README.md": 1770394486.3355267,
  "nextjs-dashboard\\PHASE_1_IMPLEMENTATION_SUMMARY.md": 1770389150.3473425,
  "nextjs-dashboard\\README.md": 1770397557.773366,
  "nextjs-dashboard\\public\\robots.txt": 1770394455.8647614,
  "nextjs-dashboard\\public\\file.svg": 1770387006.7356005,
  "nextjs-dashboard\\public\\globe.svg": 1770387006.7481282,
  "nextjs-dashboard\\public\\next.svg": 1770387006.7613525,
  "nextjs-dashboard\\public\\vercel.svg": 1770387006.775863,
  "nextjs-dashboard\\public\\window.svg": 1770387006.790625
}